[
    {
      "code":"comp1001",      
      "title":"Computer basic",
      "cp":6,
      "level":1000 
    },
    {
        "code":"comp1002",      
        "title":"math",
        "cp":6,
        "level":1000 ,
        "prohibited":["comp1009"] 
    },
    {
        "code":"comp1003",      
        "title":"Diecrete math",
        "cp":6,
        "level":1000 
    },
    {
        "code":"comp1004",      
        "title":"C",
        "cp":6,
        "level":1000 
    },
    {
        "code":"comp1005",      
        "title":"python",
        "cp":6,
        "level":1000 
    },
    {
        "code":"comp1006",      
        "title":"java",
        "cp":6,
        "level":1000,
        "prohibited":["comp1010"] 

    },
    {
        "code":"comp1007",      
        "title":"office skills",
        "cp":6,
        "level":1000 
    },
    {
        "code":"comp1008",      
        "title":"UI design",
        "cp":6,
        "level":1000 
    },
    {
        "code":"comp1009",      
        "title":"higher math",
        "cp":6,
        "level":1000 ,
        "prohibited":["comp1002"] 
    },
    {
        "code":"comp1010",      
        "title":"advanced java",
        "cp":6,
        "level":1000,
        "prohibited":["comp1006"] 
    },
    {
        "code":"comp1011",      
        "title":"japanese",
        "cp":6,
        "level":1000
    },
    {
        "code":"comp1012",      
        "title":"English",
        "cp":6,
        "level":1000
    },
    {
        "code":"comp2001",      
        "title":"java pattern",
        "cp":6,
        "level":2000,
        "prerequistes":[   
            "comp1006 OR comp1010",       
            [], 
            ["comp1006","comp1010"],
            [],
            []
        ]
        
    },
    {
        "code":"comp2002",      
        "title":"algorthm",
        "cp":6,
        "level":2000 ,
        "prerequistes":[  
            "comp1001",        
            ["comp1001"], 
            [],
            [],
            []
        ]

    },
    {
        "code":"comp2003",      
        "title":"math-data",
        "cp":6,
        "level":2000 ,
        "prerequistes":[   
            "comp1003",       
            ["comp1003"], 
            [],
            [],
            []
        ],
        "prohibited":["comp2004","comp2005"] 
    },
    {
        "code":"comp2004",      
        "title":"math-security",
        "cp":6,
        "level":2000 ,
        "prerequistes":[    
            "comp1003",      
            ["comp1003"], 
            [],
            [],
            []
        ],
        "prohibited":["comp2003","comp2005"] 
    },
    {
        "code":"comp2005",      
        "title":"math-se",
        "cp":6,
        "level":2000 ,
        "prerequistes":[         
            "comp1003", 
            ["comp1003"], 
            [],
            [],
            []
        ],
        "prohibited":["comp2003","comp2004"] 
    },
    {
        "code":"comp2006",      
        "title":"sql",
        "cp":6,
        "level":2000 ,
        "prohibited":["comp2007"] 
    },
    {
        "code":"comp2007",      
        "title":"advanced sql",
        "cp":6,
        "level":2000 ,
        "prohibited":["comp2006"] 
    },
    {
        "code":"comp2008",      
        "title":"it math",
        "cp":6,
        "level":2000 ,
        "prerequistes":[     
            "comp1002 OR comp1009",    
            [], 
            ["comp1002","comp1009"],
            [],
            []
        ]
    },
    {
        "code":"comp2009",      
        "title":"C++",
        "cp":6,
        "level":2000 ,
        "prerequistes":[
            "comp1004",          
            ["comp1004"], 
            [],
            [],
            []
        ]
    },
    {
        "code":"comp2010",      
        "title":"computer basic",
        "cp":6,
        "level":2000 ,
        "prerequistes":[  
            "comp1008",        
            ["comp1008"], 
            [],
            [],
            []
        ]
    },
    {
        "code":"comp2011",      
        "title":"website",
        "cp":6,
        "level":2000 ,
        "prerequistes":[    
            "comp1005",      
            ["comp1005"], 
            [],
            [],
            []
        ]
    },
    {
        "code":"comp3001",      
        "title":"algorthim design",
        "cp":6,
        "level":3000 ,
        "prerequistes":[   
            "comp2002",       
            ["comp2002"], 
            [],
            [],
            []
        ]
    },
    {
        "code":"comp3002",      
        "title":"Application of java",
        "cp":6,
        "level":3000 ,
        "prerequistes":[      
            "(comp1002 OR comp1009) AND (comp1006 OR comp1010)",    
            [], 
            [],
            ["comp1002","comp1009"],
            ["comp1006","comp1010"]
        ]
    },
    {
        "code":"comp3003",      
        "title":"database",
        "cp":6,
        "level":3000 ,
        "prerequistes":[      
            "(comp1002 OR comp 1009) AND (comp2006 OR comp2007)",    
            [], 
            [],
            ["comp1002","comp1009"],
            ["comp2006","comp2007"]
        ]
    },
    {
        "code":"comp3004",      
        "title":"panda",
        "cp":6,
        "level":3000 ,
        "prerequistes":[    
            "(comp1006 OR comp1010) AND (comp2006 OR comp2007)",      
            [], 
            [],
            ["comp1006","comp1010"],
            ["comp2006","comp2007"]
        ]
    },
    {
        "code":"comp3005",      
        "title":"computer basic",
        "cp":6,
        "level":3000 ,
        "prerequistes":[ 
            "comp1007",         
            ["comp1007"], 
            [],
            [],
            []
        ],
        "prohibited":["comp3006","comp3007"] 
    },
    {
        "code":"comp3006",      
        "title":"computer basic",
        "cp":6,
        "level":3000 ,
        "prerequistes":[     
            "comp1007",     
            ["comp1007"], 
            [],
            [],
            []
        ],
        "prohibited":["comp3005","comp3007"] 
    },
    {
        "code":"comp3007",      
        "title":"computer basic",
        "cp":6,
        "level":3000 ,
        "prerequistes":[   
            "comp1007",       
            ["comp1007"], 
            [],
            [],
            []
        ],
        "prohibited":["comp3006","comp3005"] 
    },
    {
        "code":"comp3008",      
        "title":"It math B",
        "cp":6,
        "level":3000 ,
        "prerequistes":[ 
            "comp2008",         
            ["comp2008"], 
            [],
            [],
            []
        ]
    },
    {
        "code":"comp3009",      
        "title":"data analysis",
        "cp":6,
        "level":3000 ,
        "prerequistes":[
            "comp2006 OR comp2007",
            [], 
            ["comp2006","comp2007"],
            [],
            []
        ]
    },
    {
        "code":"comp3010",      
        "title":"webpage",
        "cp":6,
        "level":3000 ,
        "prerequistes":[
            "comp2009",          
            ["comp2009"], 
            [],
            [],
            []
        ]
    },
    {
        "code":"comp3011",      
        "title":"capstone",
        "cp":6,
        "level":3000 ,
        "prerequistes":[
            "comp3010",          
            ["comp3010"], 
            [],
            [],
            []
        ]
    }
]